﻿"발생일 per year","질병","국가명","발생건수 (계)"
2019,"아프리카돼지열병","폴란드",927
2019,"아프리카돼지열병","헝가리",853
2019,"아프리카돼지열병","루마니아",614
2019,"돼지열병","일본",466
2019,"돼지열병","러시아",4
2019,"돼지열병","브라질",3
2019,"헨드라바이러스 감염증","스위스",53
2019,"헨드라바이러스 감염증","그리스",19
2019,"헨드라바이러스 감염증","러시아",9
2020,"아프리카돼지열병","폴란드","6,526"
2020,"아프리카돼지열병","헝가리","4,046"
2020,"아프리카돼지열병","루마니아","1,991"
2020,"고병원성조류인플루엔자","독일",349
2020,"고병원성조류인플루엔자","헝가리",274
2020,"고병원성조류인플루엔자","영국",142
2020,"돼지열병","일본","1,339"
2020,"돼지열병","러시아",4
2020,"돼지열병","브라질",2
2021,"아프리카돼지열병","헝가리","6,330"
2021,"아프리카돼지열병","루마니아","5,062"
2021,"아프리카돼지열병","폴란드","1,846"
2021,"고병원성조류인플루엔자","독일","1,669"
2021,"고병원성조류인플루엔자","폴란드","1,564"
2021,"고병원성조류인플루엔자","덴마크","1,468"
2021,"럼피스킨병","태국","1,895"
2021,"럼피스킨병","말레이시아",592
2021,"럼피스킨병","라오스",27
